{
    "templateParams": {
    "share_url": "https://toasters.moontoast.com/estore/embed/1810",
    "video_end_command": "video_endscene",
    "video_url": {
            "mp4": "http://hungergames-explorer.moontoast.com.s3.amazonaws.com/ie_video.mp4"
        },
    "video_id": "u1zgFlCw8Aw",
    "show_video_controls": true,
    
    "header_color": "#000000",
    
    "app_header_image": "//moontoast-assets-dev.s3.amazonaws.com/jonathan/api_app/ie_logo_white.png",
    "poster_image": "//hungergames-explorer.moontoast.com.s3.amazonaws.com/hero-loop-cropped-64.gif",
    "hotspot_image": "//moontoast-assets-dev.s3.amazonaws.com/jonathan/hunger/imageHunger.png",
    "linked_image": "//moontoast-assets-live.s3.amazonaws.com/moontemplate/images/videoApp/videoApp_links.png",
    "moontoast_powered_image": "//moontoast-assets-live.s3.amazonaws.com/moontemplate/images/videoApp/videoApp_moontoast.png",
    "share_this_image": "//moontoast-assets-dev.s3.amazonaws.com/jonathan/api_app/videoApp_sharethis.png",
    "play_again_image": "//moontoast-assets-live.s3.amazonaws.com/moontemplate/images/videoApp/videoApp_playAgain.png",
    "close_button": "//moontoast-assets-live.s3.amazonaws.com/moontemplate/images/videoApp/close.png",
    
    "thankyou_text_large": "THANK YOU FOR VIEWING OUR VIDEO",
    "thankyou_text_small": "We'll be sending you the information you need. Hopefully you gave us your actual email address.",
    "show_thankyou_share": "true",
    
    "cta_image": "http://moontoast-assets-dev.s3.amazonaws.com/jonathan/hunger/imageHunger.png",
    "cta_url": {},
    "share_flavor": "Tell your friends about {{store_name}}.",
    "store_name": "Proto",
    
    "show_poster_image": false,
    "autoplay_video": true,
    
    "embed_section_label": "Add our store:",
    "embed_code": "This is my embed code!",
    "embed_code_footer": "Add our store to your tumblr, blog, website, or a social network.",
    
    "small_twitter_image": "https://moontoast-assets-live.s3.amazonaws.com/images/sharing_endpoints/twitter.png",
    "small_facebook_image": "https://moontoast-assets-live.s3.amazonaws.com/images/sharing_endpoints/facebook.png",
    
    "play_button": "//moontoast-assets-live.s3.amazonaws.com/moontemplate/images/videoApp/playButton.png",
    
    "allow_sharing": true,
    
    "":""
    },

    "template": {
                "id": "videoloop_app",
                "width":"398px",
                "height":"460px",
                "backgroundColor":"#000000",
                "dite": {
                  "screenName": "",
                  "eventName": "loadDefault",
                  "eventData": ""
                },
                "elements": [{
                    "id": "app_contents",
                    "elements": [{
                        "id": "app_header",
                        "height": "42px",
                        "backgroundColor": "{{header_color}}",
                        "elements": [{
                            "id": "logo",
                            "left": "6%",
                            "width": "122px",
                            "backgroundImage": "{{app_header_image}}",
                            "backgroundColor": "{{header_color}}"
                        }, {
                            "id": "share_this_button",
                            "left": "272px",
                            "width": "172px",
                            "visible": "{{allow_sharing}}",
                            "backgroundImage": "{{share_this_image}}",
                            "click": {
                                "fadeIn": ["share_this_screen"],
                                "dite": {
                                    "screenName": "",
                                    "eventName": "clickShare",
                                    "eventData": "shareThisHeader"
                                }
                            }
                        }]
                        }, {
                            "id": "video_looper",
                            "height": "418px",
                            "width": "398px",
                            "top": "42px",
                            "visible": "{{autoplay_video}}",
                            "widget": {
                                "widget": "videoPlayer",
                                "options": {
                                    "id": "videoloop_widget",
                                    "autoPlay":"{{autoplay_video}}",
                                    "videoEnd": {
                                        "fadeIn": ["{{video_end_command}}"],
                                        "fadeOut": ["video_player"]
                                    },
                                    "dite": {
                                        "screenName": ""
                                    },
                                    "videoUrl": "{{video_url}}",
                                    "videoId": "{{video_id}}",
                                    "showControls": "{{show_video_controls}}"
                                }
                            }
                        }, {
                            "id": "video_endscene",
                            "height": "418px",
                            "top": "42px",
                            "dite": {
                                "screenName": "endScene",
                                "eventName": "loadEndScene",
                                "eventData": ""
                            },
                            "visible": false,
                            "elements": [{
                                "id": "thankyou_blocker",
                                "elements": [{
                                  "id": "large_thanks",
                                  "height": "300px",
                                  "width": "398px",
                                  "backgroundImage": "{{poster_image}}",
                                  "fontSize": "20",
                                  "fontColor": "#FFFFFF",
                                  "textFormatting": {
                                      "align": "center"
                                  }
                                },
                                {
                                    "id": "hotspots",
                                    "top": "300px",
                                    "width": "398px",
                                    "height": "102px",
                                    "backgroundImage": "{{hotspot_image}}",
                                    "elements": [{
                                        "id": "hs1",
                                        "top": "15px",
                                        "left": "236px",
                                        "width": "130px",
                                        "height": "40px",
                                        "click": {
                                            "link": "http://www.hungergames.com",
                                            "dite": {
                                                "screenName": "",
                                                "eventName": "discoverNow",
                                                "eventData": "clickHs1"
                                            }
                                        }
                                    },
                                    {
                                        "id": "hs1",
                                        "top": "80px",
                                        "left": "228px",
                                        "width": "135px",
                                        "height": "135px",
                                        "click": {
                                            "link": "http://www.microsoft.com",
                                            "dite": {
                                                "screenName": "",
                                                "eventName": "discoverNow",
                                                "eventData": "clickHs1"
                                            }
                                        }
                                    }]
                                }]
                            }]
                        }]
                }, {
                    "id": "share_this_screen",
                    "visible": false,
                    "dite": {
                        "screenName": "share",
                        "eventName": "loadShare",
                        "eventData": ""
                    },
                    "backgroundGradient": {"colors": ["#000000"], "alphas": [0.7], "ratios": [127] },
                    "elements": [{
                        "id": "main_pain",
                        "backgroundGradient": {"rotation": "-90", "colors": ["#bbbbbb", "#eeeeee", "#bbbbbb"], "alphas": [1, 1, 1], "ratios": [0, 127, 255] },
                        "border": {
                            "color": "#333333",
                            "thickness": "3"
                        },
                        "height": "324px",
                        "width": "368px",
                        "left": "15px",
                        "top": "62px",
                        "elements": [{
                            "id": "title_text",
                            "content": "Share",
                            "width": "75px",
                            "height": "25px",
                            "top": "42px",
                            "left": "10px",
                            "fontSize": "15"
                        }, {
                            "id": "flavor_title",
                            "content": "{{share_flavor}}",
                            "width": "300px",
                            "height": "25px",
                            "top": "77px",
                            "left": "10px",
                            "fontSize": "13",
                            "fontColor": "#444444"
                        }, {
                            "id": "share_row",
                            "height": "50px",
                            "top": "107px",
                            "left": "15px",
                            "widget": {
                                "widget": "share",
                                "options": {
                                    "id": "share_row_share_widget",
                                    "buttonsPerRow": "9",
                                    "dite": {
                                        "screenName": "share"
                                    },
                                    "networks":[{
                                        "networks": ["facebook", "twitter", "googleplus", "tumblr", "linkedin", "blogger", "wordpress", "stumbleupon", "email"],
                                        "url": "{{share_url}}"
                                    }]
                                }
                            }
                        }, {
                            "id": "add_store_label",
                            "left": "10px", 
                            "top": "170px",
                            "height": "25px",
                            "content": "{{embed_section_label}}",
                            "fontSize": "13",
                            "fontColor": "#444444"
                        }, {
                            "id": "embed_code_panel",
                            "left": "10px",
                            "top": "195px",
                            "height": "30px",
                            "width": "250px",
                            "backgroundGradient": {"rotation": "90", "colors": ["#eeeeee", "#dddddd"], "alphas": [1, 1], "ratios": [0, 255] },
                            "border": {
                                "color": "#cccccc"
                            },
                            "elements": [{
                                "id": "embed_code_content",
                                "top": "8px",
                                "content": "{{embed_code}}",
                                "fontSize": "13",
                                "textFormatting": {
                                    "selectable": true,
                                    "multiline": false
                                }
                            }]
                        }, {
                            "id": "embed_code_copy_panel",
                            "left": "270px",
                            "top": "195px",
                            "height": "30px",
                            "width": "90px",
                            "backgroundGradient": {"rotation": "90", "colors": ["#eeeeee", "#dddddd"], "alphas": [1, 1], "ratios": [0, 255] },
                            "border": {
                                "color": "#cccccc"
                            },
                            "click": {
                                "copyText": "{{embed_code}}",
                                "dite": {
                                    "screenName": "share",
                                    "eventName": "clickShareCopyLink",
                                    "eventData": "copyLink"
                                }
                            },
                            "elements": [{
                                "id": "copy_code_contents",
                                "top": "8px",
                                "content": "Copy Code",
                                "fontSize": "13",
                                "textFormatting": {
                                    "multiline": false,
                                    "align": "center"
                                }
                            }]
                        }, {
                            "id": "add_store_footer",
                            "left": "10px",
                            "top": "250px",
                            "height": "40px",
                            "width": "230px",
                            "content": "{{embed_code_footer}}",
                            "fontSize": "11",
                            "fontColor": "#444444"
                        }]
                    }, {
                        "id": "close_share_panel_button",
                        "backgroundImage": "{{close_button}}",
                        "top": "54px",
                        "left": "368px",
                        "width": "24px",
                        "height": "24px",
                        "click": {
                            "fadeOut": ["share_this_screen"]
                        }
                    }]
                }]
            }
}